category_id,category_path
2,Variklis / dalys
3,Oro įsiurbimo sistema
4,Išmetimo sistema(smulkios dalys)
5,Aušinimo sistema
6,Degalų tiekimas
7,Variklis / dalys -> Visas variklis
8,Variklis / dalys -> Alyvos karteris/dalys
9,Variklis / dalys -> Tepimas
10,Variklis / dalys -> Variklio blokas/dalys
11,Variklis / dalys -> Cilindrų galvutė/dalys
12,Variklis / dalys -> Variklio dangtis
13,Variklis / dalys -> Variklio montavimas
14,Variklis / dalys -> Tarpikliai/sandarikliai
15,Variklis / dalys -> Paskirstymo diržas/dalys
16,Variklis / dalys -> V formos rumbuotas diržas/komplektas
17,Variklis / dalys -> Variklio elektra
18,Oro įsiurbimo sistema -> Oro tiekimas
19,Oro įsiurbimo sistema -> Oro filtras/korpusas/dalys
20,Oro įsiurbimo sistema -> Antrinis oro įsiurbimas
21,Išmetimo sistema(smulkios dalys) -> Išmetimo kolektorius
22,Išmetimo sistema(smulkios dalys) -> Turbokompresorius / dalys
23,Išmetimo sistema(smulkios dalys) -> Išmetamųjų dujų recirkuliacija
24,Išmetimo sistema(smulkios dalys) -> Katalizatoriaus keitiklis
25,"Išmetimo sistema(smulkios dalys) -> Suodžių / kietųjų dalelių filtras, išmetimo sistema"
26,Išmetimo sistema(smulkios dalys) -> Jutiklis/zondas
27,Išmetimo sistema(smulkios dalys) -> Duslintuvas/dalys
28,"Išmetimo sistema(smulkios dalys) -> Duslintuvas/dalys -> Duslintuvas, sportinis komplektas"
29,Aušinimo sistema -> Radiatoriaus ventiliatorius
30,Aušinimo sistema -> Radiatorius/dalys
31,Aušinimo sistema -> Siuntimo blokai/jutikliai
32,Aušinimo sistema -> Termostatas
33,Aušinimo sistema -> Vandens siurblys
34,Aušinimo sistema -> Žarnelės / vamzdeliai / sujungimai
36,Aušinimo sistema -> Alyvos aušintuvas
37,Degalų tiekimas -> Akseleratoriaus pedalas/ dalys
38,Degalų tiekimas -> Degalų tiekimo sistema
39,Degalų tiekimas -> Karbiuratorius
40,Variklis / dalys -> Alyvos karteris/dalys -> Karteris
41,"Variklis / dalys -> Alyvos karteris/dalys -> Jutiklis, variklio alyvos lygis"
42,Variklis / dalys -> Alyvos karteris/dalys -> Karterio alsuoklis
43,Variklis / dalys -> Alyvos karteris/dalys -> Alyvos išleidimo kaištis
44,Variklis / dalys -> Alyvos karteris/dalys -> Įdėklas
45,Variklis / dalys -> Alyvos karteris/dalys -> Tinklelis karteryje
46,Variklis / dalys -> Tepimas -> Alyva
47,Variklis / dalys -> Tepimas -> Alyvos užpildymo vamzdelis
48,Variklis / dalys -> Tepimas -> Alyvos siurblys
49,Variklis / dalys -> Tepimas -> Alyvos siurblio įsiurbimo vamzdelis
50,Variklis / dalys -> Tepimas -> Alyvos siurblio grandinė
51,Variklis / dalys -> Tepimas -> Žvaigždutė
52,Variklis / dalys -> Tepimas -> Grandinės įtempiklis
53,Variklis / dalys -> Tepimas -> Kreipiamasis bėgis
54,Variklis / dalys -> Tepimas -> Alyvos aušintuvas
55,Variklis / dalys -> Tepimas -> Alyvos filtro korpusas
56,Variklis / dalys -> Tepimas -> Alyvos filtras
57,Variklis / dalys -> Tepimas -> Alyvos lygio matuoklis
58,Variklis / dalys -> Tepimas -> Alyvos slėgio jungiklis
59,Variklis / dalys -> Tepimas -> Alyvos termostatas
60,Variklis / dalys -> Tepimas -> Alyvos žarnelės/vamzdeliai
61,Variklis / dalys -> Variklio blokas/dalys -> Variklio blokas
62,Variklis / dalys -> Variklio blokas/dalys -> Alkūninis velenas
63,"Variklis / dalys -> Variklio blokas/dalys -> Pagrindinio guolio dangtelis, alkūninis velenas"
64,"Variklis / dalys -> Variklio blokas/dalys -> Pagrindiniai guoliai, alkūninis velenas"
65,"Variklis / dalys -> Variklio blokas/dalys -> Varžtas, alkūninio veleno tvirtinimo rėmas"
66,Variklis / dalys -> Variklio blokas/dalys -> Alkūninio veleno žvaigždutė
67,Variklis / dalys -> Variklio blokas/dalys -> Alkūninio veleno padeties skriemulys
68,Variklis / dalys -> Variklio blokas/dalys -> Alkūninio veleno paskirstymo diržo skriemulys
69,Variklis / dalys -> Variklio blokas/dalys -> Švaistiklis
70,"Variklis / dalys -> Variklio blokas/dalys -> Guolio dangtelis, švaistiklis"
71,Variklis / dalys -> Variklio blokas/dalys -> Švaistiklio varžtas/veržlė
72,Variklis / dalys -> Variklio blokas/dalys -> Stūmoklis
73,Variklis / dalys -> Variklio blokas/dalys -> Stūmoklio žiedas
74,Variklis / dalys -> Variklio blokas/dalys -> Tarpinis velenas
75,Variklis / dalys -> Variklio blokas/dalys -> Tarpinio veleno žvaigždutė
76,Variklis / dalys -> Variklio blokas/dalys -> Jungė
77,Variklis / dalys -> Variklio blokas/dalys -> Balansinis velenas
78,Variklis / dalys -> Variklio blokas/dalys -> Alyvos lygio matuoklis
79,Variklis / dalys -> Variklio blokas/dalys -> Smagratis
80,Variklis / dalys -> Variklio blokas/dalys -> Pavaros plokštė
81,Variklis / dalys -> Cilindrų galvutė/dalys -> Cilindrų galvutė
82,Variklis / dalys -> Cilindrų galvutė/dalys -> Cilindrų galvutės dangtelis
83,Variklis / dalys -> Cilindrų galvutė/dalys -> Alyvos atskiriklis
84,"Variklis / dalys -> Cilindrų galvutė/dalys -> Dangtelis, alyvos pildymo anga"
85,Variklis / dalys -> Cilindrų galvutė/dalys -> Cilindro galvutės varžtas
86,Variklis / dalys -> Cilindrų galvutė/dalys -> Skirstomasis velenas
87,Variklis / dalys -> Cilindrų galvutė/dalys -> Paskirstymo veleno žvaigždutė
88,Variklis / dalys -> Cilindrų galvutė/dalys -> Paskirstymo diržo skriemulys
89,Variklis / dalys -> Cilindrų galvutė/dalys -> Išleidimo vožtuvas
90,Variklis / dalys -> Cilindrų galvutė/dalys -> Įleidimo vožtuvas
91,Variklis / dalys -> Cilindrų galvutė/dalys -> Vožtuvo spyruoklė
92,Variklis / dalys -> Cilindrų galvutė/dalys -> Vožtuvo kojelės sandariklis
93,Variklis / dalys -> Cilindrų galvutė/dalys -> Spyruoklės tvirtinimas
94,Variklis / dalys -> Cilindrų galvutė/dalys -> Vožtuvo spraustelis
95,Variklis / dalys -> Cilindrų galvutė/dalys -> Kumštelinis cilindras
96,Variklis / dalys -> Cilindrų galvutė/dalys -> Svirtys
97,Variklis / dalys -> Cilindrų galvutė/dalys -> Svirčių velenėlis
98,Variklis / dalys -> Cilindrų galvutė/dalys -> Vakuumo siurblys
99,Variklis / dalys -> Cilindrų galvutė/dalys -> Vakuumo talpa
100,Variklis / dalys -> Cilindrų galvutė/dalys -> Vožtuvų reguliatorius
101,Variklis / dalys -> Variklio montavimas -> Skersinis
102,Variklis / dalys -> Variklio montavimas -> Variklio tvirtinimas
103,Variklis / dalys -> Variklio montavimas -> Kronšteinas
104,Variklis / dalys -> Variklio montavimas -> Atrama
105,"Variklis / dalys -> Tarpikliai/sandarikliai -> Tarpiklis, alyvos karteris"
106,"Variklis / dalys -> Tarpikliai/sandarikliai -> Tarpiklis, cilindrų galvutė"
107,"Variklis / dalys -> Tarpikliai/sandarikliai -> Tarpiklis, svirties dangtelis"
108,"Variklis / dalys -> Tarpikliai/sandarikliai -> Tarpiklis, įsiurbimo kolektorius"
109,"Variklis / dalys -> Tarpikliai/sandarikliai -> Tarpiklis, išmetimo kolektorius"
110,Variklis / dalys -> Tarpikliai/sandarikliai -> Turbokompresoriaus tarpiklis
111,"Variklis / dalys -> Tarpikliai/sandarikliai -> Tarpiklis, alyvos aušiklio termostatas"
112,Variklis / dalys -> Tarpikliai/sandarikliai -> Vandens siurblys/tarpiklis
113,"Variklis / dalys -> Tarpikliai/sandarikliai -> Tarpiklis, termostato korpusas"
114,"Variklis / dalys -> Tarpikliai/sandarikliai -> Tarpiklis, vakuuminis siurblys"
115,"Variklis / dalys -> Tarpikliai/sandarikliai -> Tarpiklis, variklio karterio alsuoklis"
116,Variklis / dalys -> Paskirstymo diržas/dalys -> Paskirstymo diržas
117,Variklis / dalys -> Paskirstymo diržas/dalys -> Paskirstymo diržo įtempiklis
118,"Variklis / dalys -> Paskirstymo diržas/dalys -> Kreipiantysis skriemulys, paskirstymo diržas"
119,Variklis / dalys -> Paskirstymo diržas/dalys -> Alkūninio veleno paskirstymo diržo skriemulys
120,Variklis / dalys -> Paskirstymo diržas/dalys -> Paskirstymo diržo skriemulys
121,Variklis / dalys -> Paskirstymo diržas/dalys -> Paskirstymo diržo dangtelis
122,Variklis / dalys -> Paskirstymo diržas/dalys -> Paskirstymo grandinė
123,Variklis / dalys -> Paskirstymo diržas/dalys -> Paskirstymo krumpliaračiai (paskirstymo grandinė)
124,Variklis / dalys -> Paskirstymo diržas/dalys -> Paskirstymo grandinės įtempiklis
125,Variklis / dalys -> Paskirstymo diržas/dalys -> Kreipiamasis bėgis
126,Variklis / dalys -> Paskirstymo diržas/dalys -> Vibracijos slopintuvas
127,Variklis / dalys -> Paskirstymo diržas/dalys -> Įpurškimo siurblio paskirstymo krumpliaratis
128,Variklis / dalys -> Paskirstymo diržas/dalys -> Vandens siurblys
129,Variklis / dalys -> V formos rumbuotas diržas/komplektas -> Dirželio įtempiklis (įtempimo blokas)
130,Variklis / dalys -> V formos rumbuotas diržas/komplektas -> Kreipiantysis skriemulys
131,Variklis / dalys -> V formos rumbuotas diržas/komplektas -> Vibracijos slopintuvas
132,Variklis / dalys -> V formos rumbuotas diržas/komplektas -> V formos rumbuotas diržas
133,Variklis / dalys -> Variklio elektra -> Laidai
134,Variklis / dalys -> Variklio elektra -> Jutikliai
135,Oro įsiurbimo sistema -> Oro tiekimas -> Įsiurbimo kolektorius
136,Oro įsiurbimo sistema -> Oro tiekimas -> Įsiurbimo kolektoriaus pašildymas
137,"Oro įsiurbimo sistema -> Oro tiekimas -> Jutiklis, įsiurbimo kolektoriaus slėgis"
138,Oro įsiurbimo sistema -> Oro tiekimas -> Droselinė sklendė
139,Oro įsiurbimo sistema -> Oro tiekimas -> Droselis/jutiklis
140,Oro įsiurbimo sistema -> Oro tiekimas -> Potenciometras
141,Oro įsiurbimo sistema -> Oro tiekimas -> Solenoidinis vožtuvas
142,Oro įsiurbimo sistema -> Oro tiekimas -> Įsiurbimo kolektoriaus reguliatorius
143,Oro įsiurbimo sistema -> Oro filtras/korpusas/dalys -> Oro paėmimas/ įsiurbimo ortakis
144,Oro įsiurbimo sistema -> Oro filtras/korpusas/dalys -> Oro filtro korpusas
145,Oro įsiurbimo sistema -> Oro filtras/korpusas/dalys -> Oro filtras
146,"Oro įsiurbimo sistema -> Oro filtras/korpusas/dalys -> Įsiurbimo vamzdis, oro filtras"
147,Oro įsiurbimo sistema -> Oro filtras/korpusas/dalys -> Oro srauto jutiklis
148,"Oro įsiurbimo sistema -> Oro filtras/korpusas/dalys -> Korpusas, oro srauto jutiklis"
149,Oro įsiurbimo sistema -> Oro filtras/korpusas/dalys -> Rezonatorius
150,Oro įsiurbimo sistema -> Antrinis oro įsiurbimas -> Antrinis oro siurblys
151,Oro įsiurbimo sistema -> Antrinis oro įsiurbimas -> Solenoidinis vožtuvas
152,"Oro įsiurbimo sistema -> Antrinis oro įsiurbimas -> Vožtuvas, antrinio oro siurblio sistema"
153,Išmetimo sistema(smulkios dalys) -> Išmetimo kolektorius -> Išmetimo kolektorius
154,Išmetimo sistema(smulkios dalys) -> Išmetimo kolektorius -> Apsauga nuo karščio
155,"Išmetimo sistema(smulkios dalys) -> Išmetimo kolektorius -> Tarpiklis, išmetimo kolektorius"
156,Išmetimo sistema(smulkios dalys) -> Turbokompresorius / dalys -> Turbokompresorius
157,Išmetimo sistema(smulkios dalys) -> Turbokompresorius / dalys -> Turbokompresoriaus aktuatorius
158,Išmetimo sistema(smulkios dalys) -> Turbokompresorius / dalys -> Solenoidinis vožtuvas
159,Išmetimo sistema(smulkios dalys) -> Turbokompresorius / dalys -> Alyvos žarna
160,Išmetimo sistema(smulkios dalys) -> Turbokompresorius / dalys -> Kompresoriaus slėgio valdymas (išleidimas)
161,Išmetimo sistema(smulkios dalys) -> Išmetamųjų dujų recirkuliacija -> EGR vožtuvas
162,Išmetimo sistema(smulkios dalys) -> Išmetamųjų dujų recirkuliacija -> Slėgio keitiklis
163,Išmetimo sistema(smulkios dalys) -> Išmetamųjų dujų recirkuliacija -> Solenoidinis vožtuvas
164,"Išmetimo sistema(smulkios dalys) -> Išmetamųjų dujų recirkuliacija -> Aušintuvas, išmetamųjų dujų recirkuliacija"
165,"Išmetimo sistema(smulkios dalys) -> Išmetamųjų dujų recirkuliacija -> Jungties vamzdis, vakuuminė žarna"
166,Išmetimo sistema(smulkios dalys) -> Jutiklis/zondas -> Lambda zondas
167,"Išmetimo sistema(smulkios dalys) -> Jutiklis/zondas -> Jutiklis, išmetimo slėgis"
168,"Išmetimo sistema(smulkios dalys) -> Jutiklis/zondas -> Jutiklis, išmetamųjų dujų temperatūra"
169,Išmetimo sistema(smulkios dalys) -> Duslintuvas/dalys -> Duslintuvas
170,"Išmetimo sistema(smulkios dalys) -> Duslintuvas/dalys -> Lanksti žarna, išmetimo sistema"
171,Išmetimo sistema(smulkios dalys) -> Duslintuvas/dalys -> Vidurinis duslintuvas
172,Išmetimo sistema(smulkios dalys) -> Duslintuvas/dalys -> Priekinis duslintuvas
173,Išmetimo sistema(smulkios dalys) -> Duslintuvas/dalys -> Galinis duslintuvas
174,"Išmetimo sistema(smulkios dalys) -> Duslintuvas/dalys -> Spaustukas, duslintuvas"
175,Išmetimo sistema(smulkios dalys) -> Duslintuvas/dalys -> Vandens trapas
176,Išmetimo sistema(smulkios dalys) -> Duslintuvas/dalys -> Guminis žiedas
177,Išmetimo sistema(smulkios dalys) -> Duslintuvas/dalys -> Kronšteinas
178,Išmetimo sistema(smulkios dalys) -> Išmetamųjų dujų recirkuliacija -> Išmetamųjų dujų sklendė(EGR)
179,Aušinimo sistema -> Radiatorius/dalys -> Radiatorius ( Aušinimo sistema)
180,Aušinimo sistema -> Radiatorius/dalys -> Radiatoriaus dangtelis
181,Aušinimo sistema -> Radiatorius/dalys -> Aušinimo skysčio išsiplėtimo bakelis
182,Aušinimo sistema -> Radiatorius/dalys -> Radiatoriaus montavimo dalys
183,"Aušinimo sistema -> Siuntimo blokai/jutikliai -> Jutiklis, aušinimo skysčio lygis"
184,"Aušinimo sistema -> Siuntimo blokai/jutikliai -> Siuntimo blokas, aušinimo skysčio temperatūra"
185,"Aušinimo sistema -> Siuntimo blokai/jutikliai -> Temperatūros jungiklis, radiatoriaus ventiliatorius"
186,Aušinimo sistema -> Termostatas -> Termostatas
187,Aušinimo sistema -> Termostatas -> Termostato korpusas
188,Aušinimo sistema -> Vandens siurblys -> Vandens siurblys
189,Aušinimo sistema -> Vandens siurblys -> Dirželio skriemulys
191,Aušinimo sistema -> Žarnelės / vamzdeliai / sujungimai -> Radiatoriaus žarna
192,Aušinimo sistema -> Žarnelės / vamzdeliai / sujungimai -> Aušinimo skysčio jungė
193,"Aušinimo sistema -> Žarnelės / vamzdeliai / sujungimai -> Vamzdis, aušinimo skystis"
194,"Aušinimo sistema -> Alyvos aušintuvas -> Alyvos aušintuvas, variklio alyva"
195,Aušinimo sistema -> Alyvos aušintuvas -> Alyvos vamzdeliai
196,"Aušinimo sistema -> Alyvos aušintuvas -> Alyvos aušintuvas, vairo sistema"
197,"Aušinimo sistema -> Alyvos aušintuvas -> Alyvos aušintuvas, neautomatinė transmisija"
198,"Aušinimo sistema -> Alyvos aušintuvas -> Alyvos aušintuvas, automatinė transmisija"
199,Degalų tiekimas -> Akseleratoriaus pedalas/ dalys -> Akseleratoriaus pedalas
200,"Degalų tiekimas -> Akseleratoriaus pedalas/ dalys -> Jutiklis, akseleratoriaus pedalo padėtis"
201,Degalų tiekimas -> Akseleratoriaus pedalas/ dalys -> Akseleratoriaus trosas
202,Degalų tiekimas -> Degalų tiekimo sistema -> Kuro bakas/dalys
203,Degalų tiekimas -> Degalų tiekimo sistema -> Kuro filtras/korpusas
204,Degalų tiekimas -> Degalų tiekimo sistema -> Kuro filtras
205,Degalų tiekimas -> Degalų tiekimo sistema -> Kuro radiatorius
206,Degalų tiekimas -> Degalų tiekimo sistema -> Kuro siurblys/dalys
207,Degalų tiekimas -> Degalų tiekimo sistema -> Siurblys ir purkštukų blokas
208,Degalų tiekimas -> Degalų tiekimo sistema -> Kuro paskirstymas/magistralė
209,"Degalų tiekimas -> Degalų tiekimo sistema -> Valdymo blokas, degalų įpurškimas"
210,Degalų tiekimas -> Degalų tiekimo sistema -> Kuro šildytuvas
211,"Degalų tiekimas -> Degalų tiekimo sistema -> Relė, kuro šildytuvas"
212,Variklis / dalys -> Variklio elektra -> Jutikliai -> Alyvos lygio matuoklis
213,Variklis / dalys -> Variklio elektra -> Jutikliai -> Alyvos slėgio jungiklis
214,"Variklis / dalys -> Variklio elektra -> Jutikliai -> Impulso jutiklis, smagratis"
215,"Variklis / dalys -> Variklio elektra -> Jutikliai -> Jutiklis, skirstomojo veleno padėtis"
216,"Variklis / dalys -> Variklio elektra -> Jutikliai -> RPM jutiklis, variklio valdymas"
217,Degalų tiekimas -> Degalų tiekimo sistema -> Kuro bakas/dalys -> Degalų bakas
218,"Degalų tiekimas -> Degalų tiekimo sistema -> Kuro bakas/dalys -> Siuntimo blokas, degalų bakas"
219,Degalų tiekimas -> Degalų tiekimo sistema -> Kuro bakas/dalys -> Degalų daviklio blokas / degalų siurblys
220,"Degalų tiekimas -> Degalų tiekimo sistema -> Kuro bakas/dalys -> Plieninė juosta, degalų bakas"
221,"Degalų tiekimas -> Degalų tiekimo sistema -> Kuro bakas/dalys -> Užpildymo vamzdis, degalų bakas"
222,"Degalų tiekimas -> Degalų tiekimo sistema -> Kuro bakas/dalys -> Alsuoklio žarna, degalų bakas"
223,Degalų tiekimas -> Degalų tiekimo sistema -> Kuro siurblys/dalys -> Kuro siurblys
224,"Degalų tiekimas -> Degalų tiekimo sistema -> Kuro siurblys/dalys -> Slėgio valdiklis, degalų siurblys"
225,Degalų tiekimas -> Degalų tiekimo sistema -> Kuro siurblys/dalys -> Aukšto slėgio siurblys
226,"Degalų tiekimas -> Degalų tiekimo sistema -> Kuro siurblys/dalys -> Relė, degalų siurblys"
227,Degalų tiekimas -> Degalų tiekimo sistema -> Kuro paskirstymas/magistralė -> Kuro paskirstymas
228,Degalų tiekimas -> Degalų tiekimo sistema -> Kuro paskirstymas/magistralė -> Degalų paskirstymo vamzdelis
229,Degalų tiekimas -> Degalų tiekimo sistema -> Kuro paskirstymas/magistralė -> Kuro slėgio reguliatorius/jungiklis
230,"Degalų tiekimas -> Degalų tiekimo sistema -> Kuro paskirstymas/magistralė -> Skirstytuvo vamzdelis, degalai"
231,Transmisija
232,Vairavimas
233,Stabdžių sistema
234,Užrakinimo sistema
235,Šildymas/ventiliavimas/oro kondicionierius
236,Valymo plovimo sistemos
237,Oro įsiurbimo sistema -> Tarpinis suslėgto oro aušintuvas/dalys
238,Transmisija -> Automatinė pavarų dėžė/dalys
239,Transmisija -> Mechaninė pavarų dėžė/dalys
240,Transmisija -> Transmisijos jungiklis/jutiklis
241,Transmisija -> Sankabos pavara
242,Transmisija -> Valdymo svirtys/trosai
243,"Transmisija -> Skirstomoji dėžė/diferencialas, dalys"
244,Transmisija -> Ratų pavara
245,Vairavimas -> Vairas
246,Vairavimas -> Vairo kolonėlė (vairolazdė) / dalys
247,Vairavimas -> Vairo pavara(kolonėlė) / dalys
248,Vairavimas -> Vairo stiprintuvas
249,Stabdžių sistema -> Pagrindinis stabdžių cilindras/ dalys
250,Stabdžių sistema -> Valdymo blokas ABS hidraulika
251,Stabdžių sistema -> Jutikliai
252,Stabdžių sistema -> Vakuumo siurblys
253,Stabdžių sistema -> Stabdžių žarnelės
254,Stabdžių sistema -> Stabdžių žibinto jungiklis
255,Stabdžių sistema -> Stabdžių pedalas
256,Stabdžių sistema -> Diskinis stabdys
257,Stabdžių sistema -> Būgninis stabdys
258,Stabdžių sistema -> Stovėjimo stabdys
259,Užrakinimo sistema -> Centrinio užrakto sistema
260,Užrakinimo sistema -> Rankenėlės
261,"Užrakinimo sistema -> Užraktai, išoriniai"
262,"Užrakinimo sistema -> Užraktai, vidiniai"
263,Užrakinimo sistema -> Užrakto cilindras/rinkinys
264,Užrakinimo sistema -> Imobilaizeris
265,Užrakinimo sistema -> Padėties nustatymo sistema
266,Užrakinimo sistema -> Beraktė sistema
267,Užrakinimo sistema -> Įspėjimo sistema
268,Šildymas/ventiliavimas/oro kondicionierius -> Oro kondicionavimas
269,Šildymas/ventiliavimas/oro kondicionierius -> Šildymas / vėdinimas
270,Šildymas/ventiliavimas/oro kondicionierius -> Valdymas/reguliavimas
271,Šildymas/ventiliavimas/oro kondicionierius -> Jungiklis/jutiklis
272,Šildymas/ventiliavimas/oro kondicionierius -> Autonominis pašildymas
273,Valymo plovimo sistemos -> Langų plovimo sistema
274,Valymo plovimo sistemos -> Priekinių žibintų plovimo sistema
275,Valymo plovimo sistemos -> Langų valytuvų sistema
276,Variklis / dalys -> Variklio blokas/dalys -> Švaistiklio guolis
277,Oro įsiurbimo sistema -> Tarpinis suslėgto oro aušintuvas/dalys -> Tarpinis suslėgto oro aušintuvas
278,Oro įsiurbimo sistema -> Tarpinis suslėgto oro aušintuvas/dalys -> Oro tiekimo žarnelės / vamzdeliai
279,Degalų tiekimas -> Degalų tiekimo sistema -> Kaitinimo žvakė
280,Transmisija -> Automatinė pavarų dėžė/dalys -> Automatinė pavarų dėžė
281,Transmisija -> Automatinė pavarų dėžė/dalys -> Valdymo blokas automatinės pavarų dėžės
282,Transmisija -> Automatinė pavarų dėžė/dalys -> Mechatronika
283,Transmisija -> Automatinė pavarų dėžė/dalys -> Sukimo momento keitiklis
284,"Transmisija -> Automatinė pavarų dėžė/dalys -> Alyvos aušintuvas, automatinė transmisija"
285,"Transmisija -> Automatinė pavarų dėžė/dalys -> Montavimas, automatinė transmisija"
286,Transmisija -> Mechaninė pavarų dėžė/dalys -> Mechaninė pavarų dėžė
287,"Transmisija -> Mechaninė pavarų dėžė/dalys -> Alyvos aušintuvas, neautomatinė transmisija"
288,Transmisija -> Mechaninė pavarų dėžė/dalys -> Bėgių perjungimo mazgas
289,"Transmisija -> Mechaninė pavarų dėžė/dalys -> Montavimas, neautomatinė transmisija"
290,"Transmisija -> Mechaninė pavarų dėžė/dalys -> Jungiklis, atbulinės eigos žibintas"
291,"Transmisija -> Transmisijos jungiklis/jutiklis -> Jutiklis, greitis"
292,"Transmisija -> Transmisijos jungiklis/jutiklis -> Jungiklis, atbulinės eigos šviesos"
293,Transmisija -> Sankabos pavara -> Sankabos komplektas
294,Transmisija -> Sankabos pavara -> Sankabos diskas
295,Transmisija -> Sankabos pavara -> Spaudimo diskas
296,Transmisija -> Sankabos pavara -> Smagratis
297,"Transmisija -> Sankabos pavara -> Centruojantysis guolis, sankaba"
298,Transmisija -> Sankabos pavara -> Sankabos paleidiklis
299,Transmisija -> Sankabos pavara -> Išjungimo šakutė
300,"Transmisija -> Sankabos pavara -> Darbinis cilindras, sankaba"
301,"Transmisija -> Sankabos pavara -> Pagrindinis cilindras, sankaba"
302,Transmisija -> Sankabos pavara -> Vamzdis
303,Transmisija -> Sankabos pavara -> Sankabos pedalas
304,Transmisija -> Sankabos pavara -> Sankabos trosas
305,Transmisija -> Sankabos pavara -> Žarnelės/vamzdeliai
306,Transmisija -> Sankabos pavara -> Pavaros plokštė
307,Transmisija -> Sankabos pavara -> Sukimo momento keitiklis
308,Transmisija -> Valdymo svirtys/trosai -> Pavarų svirties apvalkalas
309,Transmisija -> Valdymo svirtys/trosai -> Pavarų svirties galvelė
310,Transmisija -> Valdymo svirtys/trosai -> Pavarų svirtis
311,"Transmisija -> Valdymo svirtys/trosai -> Trosas, pavara"
312,Transmisija -> Valdymo svirtys/trosai -> Sankabos trosas
313,"Transmisija -> Valdymo svirtys/trosai -> Trosas, mechaninė pavarų dėžė"
314,"Transmisija -> Valdymo svirtys/trosai -> Trosas, automatinė pavarų dėžė"
315,"Transmisija -> Skirstomoji dėžė/diferencialas, dalys -> Skirstomoji dėžė"
316,"Transmisija -> Skirstomoji dėžė/diferencialas, dalys -> Priekinės ašies reduktorius"
317,"Transmisija -> Skirstomoji dėžė/diferencialas, dalys -> Galinės ašies reduktorius"
318,"Transmisija -> Skirstomoji dėžė/diferencialas, dalys -> Tarpinės ašies diferencialo blokavimas"
319,"Transmisija -> Skirstomoji dėžė/diferencialas, dalys -> Valdymo varikliukas skirstomosios dėžės"
320,"Transmisija -> Skirstomoji dėžė/diferencialas, dalys -> ÆHaldexæ sankaba"
321,"Transmisija -> Skirstomoji dėžė/diferencialas, dalys -> Valdymo varikliukas, galinio tilto reduktorius"
322,"Transmisija -> Skirstomoji dėžė/diferencialas, dalys -> Valdymo blokas ašių diferencialo blokavimas"
323,"Transmisija -> Skirstomoji dėžė/diferencialas, dalys -> Valdymo blokas diferencialo blokavimas"
324,Transmisija -> Ratų pavara -> Kardaninis velenas
325,"Transmisija -> Ratų pavara -> Jungtis, kardaninis velenas"
326,"Transmisija -> Ratų pavara -> Pakaba, kardaninis velenas"
327,Transmisija -> Ratų pavara -> Pusašis
328,Transmisija -> Ratų pavara -> Išorinė pusašio granata
329,Transmisija -> Ratų pavara -> Vidinė pusašio granata
330,"Transmisija -> Ratų pavara -> Gofruotoji membrana, kardaninis velenas"
331,"Transmisija -> Ratų pavara -> Tarpinis guolis, varantysis velenas"
332,Vairavimas -> Vairo kolonėlė (vairolazdė) / dalys -> Vairo kolonėlė (vairolazdė)
333,Vairavimas -> Vairo kolonėlė (vairolazdė) / dalys -> Tarpinis vairo velenas
334,Vairavimas -> Vairo kolonėlė (vairolazdė) / dalys -> Vairo užraktas
335,Vairavimas -> Vairo pavara(kolonėlė) / dalys -> Vairo pavara(kolonėlė)
336,Vairavimas -> Vairo pavara(kolonėlė) / dalys -> Apsauginė vairo traukės guma
337,Vairavimas -> Vairo pavara(kolonėlė) / dalys -> Vairo traukė
338,Vairavimas -> Vairo pavara(kolonėlė) / dalys -> Šarnyras
339,Vairavimas -> Vairo stiprintuvas -> Vairo stiprintuvo siurblys
340,Vairavimas -> Vairo stiprintuvas -> Elektrinis siurblys vairo stiprintuvo
341,Vairavimas -> Vairo stiprintuvas -> Variklis elektrinio vairo stiprintuvo
342,"Vairavimas -> Vairo stiprintuvas -> Alyvos aušintuvas, vairo sistema"
343,"Vairavimas -> Vairo stiprintuvas -> Išsiplėtimo bakelis, vairo stiprintuvas"
344,Vairavimas -> Vairo stiprintuvas -> Žarnelės/vamzdeliai
345,Stabdžių sistema -> Pagrindinis stabdžių cilindras/ dalys -> Pagrindinis stabdžių cilindras
346,Stabdžių sistema -> Pagrindinis stabdžių cilindras/ dalys -> Stabdžių stiprintuvas
347,"Stabdžių sistema -> Pagrindinis stabdžių cilindras/ dalys -> Išsiplėtimo bakelis, stabdžių skystis"
348,Stabdžių sistema -> Pagrindinis stabdžių cilindras/ dalys -> Stabdžių skystis
349,"Stabdžių sistema -> Pagrindinis stabdžių cilindras/ dalys -> Jutiklis, stabdžių skysčio lygis"
350,Stabdžių sistema -> Pagrindinis stabdžių cilindras/ dalys -> Vairavimo kampo jutiklis
351,"Stabdžių sistema -> Jutikliai -> Jutiklis, rato greitis"
352,"Stabdžių sistema -> Jutikliai -> Jutiklis, išilginis pagreitis"
353,"Stabdžių sistema -> Jutikliai -> Jutiklis, skersinis pagreitis"
354,"Stabdžių sistema -> Jutikliai -> Jutiklis, išilginis / šoninis pagreitis"
355,Stabdžių sistema -> Diskinis stabdys -> Stabdžių apkaba
356,"Stabdžių sistema -> Diskinis stabdys -> Stabdžių trinkelių rinkinys, diskinis stabdys"
357,Stabdžių sistema -> Diskinis stabdys -> Stabdžių diskas
358,Stabdžių sistema -> Būgninis stabdys -> Rato stabdžių cilindras
359,"Stabdžių sistema -> Būgninis stabdys -> Reguliatorius, būgninis stabdys"
360,Stabdžių sistema -> Būgninis stabdys -> Stabdžių būgnas
361,Stabdžių sistema -> Būgninis stabdys -> Stabdžių trinkelė
362,Stabdžių sistema -> Stovėjimo stabdys -> Rankinio stabdžio svirtis
363,Stabdžių sistema -> Stovėjimo stabdys -> Elektromechaninių stovėjimo stabdžių mygtukas
364,"Stabdžių sistema -> Stovėjimo stabdys -> Trosas, stovėjimo stabdys"
365,Stabdžių sistema -> Stovėjimo stabdys -> Valdymo blokas elektromechaninių stovėjimo stabdžių
366,Stabdžių sistema -> Stovėjimo stabdys -> Stovėjimo stabdžio trinkelės
367,"Užrakinimo sistema -> Centrinio užrakto sistema -> Valdymo blokas, centrinio užrakto sistema"
368,"Užrakinimo sistema -> Centrinio užrakto sistema -> Jungiklis, durų užraktas"
369,"Užrakinimo sistema -> Rankenėlės -> Durų rankenėlė, vidaus"
370,Užrakinimo sistema -> Rankenėlės -> Durų rankenėlė
371,"Užrakinimo sistema -> Rankenėlės -> Rankenėlė, bagažinės dangtis"
372,"Užrakinimo sistema -> Rankenėlės -> Rankena, gaubto atidarymas"
373,"Užrakinimo sistema -> Užraktai, išoriniai -> Durų užraktas"
374,"Užrakinimo sistema -> Užraktai, išoriniai -> Gaubto užraktas"
375,"Užrakinimo sistema -> Užraktai, išoriniai -> Užraktas, bagažinės dangtis"
376,"Užrakinimo sistema -> Užraktai, išoriniai -> Bako dangtelio užraktas"
377,"Užrakinimo sistema -> Užraktai, išoriniai -> Užrakto kilpa"
378,"Užrakinimo sistema -> Užraktai, vidiniai -> Vairo užraktas"
379,"Užrakinimo sistema -> Užraktai, vidiniai -> Užraktas, daiktadėžė"
380,"Užrakinimo sistema -> Užraktai, vidiniai -> Oro pagalvės užraktas"
381,"Užrakinimo sistema -> Užraktai, vidiniai -> Galinio atlošo užraktas"
382,Užrakinimo sistema -> Užrakto cilindras/rinkinys -> Užrakto cilindras
383,Užrakinimo sistema -> Užrakto cilindras/rinkinys -> Užrakto cilindro korpusas
384,Užrakinimo sistema -> Užrakto cilindras/rinkinys -> Užraktų rinkinys
385,Užrakinimo sistema -> Užrakto cilindras/rinkinys -> Raktas
386,Užrakinimo sistema -> Beraktė sistema -> Pultelis siųstuvas
387,"Užrakinimo sistema -> Beraktė sistema -> Valdymo blokas, beraktė sistema"
388,"Užrakinimo sistema -> Beraktė sistema -> Imtuvas, beraktė sistema"
389,Užrakinimo sistema -> Beraktė sistema -> Paleidimo/stabdymo mygtukas
390,Užrakinimo sistema -> Beraktė sistema -> Jutiklis durų rankenėlės
391,Užrakinimo sistema -> Beraktė sistema -> Antena
392,"Užrakinimo sistema -> Įspėjimo sistema -> Sirena, įspėjimo sistema"
393,Užrakinimo sistema -> Įspėjimo sistema -> Įspėjimo sistema
394,"Užrakinimo sistema -> Įspėjimo sistema -> Pasvyrimo jutiklis, įspėjimo sistema"
395,"Užrakinimo sistema -> Įspėjimo sistema -> Judėjimo jutiklis, įspėjimo sistema"
396,"Šildymas/ventiliavimas/oro kondicionierius -> Oro kondicionavimas -> Kompresorius, oro kondicionierius"
397,"Šildymas/ventiliavimas/oro kondicionierius -> Oro kondicionavimas -> Oro Kondicionieriaus, žarnelės/vamzdeliai"
398,"Šildymas/ventiliavimas/oro kondicionierius -> Oro kondicionavimas -> Garintuvas, oro kondicionierius"
399,"Šildymas/ventiliavimas/oro kondicionierius -> Oro kondicionavimas -> Džiovintuvas, oro kondicionierius"
400,"Šildymas/ventiliavimas/oro kondicionierius -> Oro kondicionavimas -> Kondensatorius, oro kondicionierius"
401,"Šildymas/ventiliavimas/oro kondicionierius -> Oro kondicionavimas -> Pūtiklis, oro kondicionierius"
402,"Šildymas/ventiliavimas/oro kondicionierius -> Oro kondicionavimas -> Išsiplėtimo vožtuvas, oro kondicionavimas"
403,"Šildymas/ventiliavimas/oro kondicionierius -> Šildymas / vėdinimas -> Šilumokaitis, salono šildymas"
404,Šildymas/ventiliavimas/oro kondicionierius -> Šildymas / vėdinimas -> Žarnelės/vamzdeliai
405,Šildymas/ventiliavimas/oro kondicionierius -> Šildymas / vėdinimas -> Papildomas šildytuvas
406,Šildymas/ventiliavimas/oro kondicionierius -> Šildymas / vėdinimas -> Vidaus pūtiklis
407,Šildymas/ventiliavimas/oro kondicionierius -> Šildymas / vėdinimas -> Rezistorius
408,Šildymas/ventiliavimas/oro kondicionierius -> Šildymas / vėdinimas -> Oro paskirstymo korpusas
409,Šildymas/ventiliavimas/oro kondicionierius -> Šildymas / vėdinimas -> Pūtiklio korpusas
410,Šildymas/ventiliavimas/oro kondicionierius -> Šildymas / vėdinimas -> Sklendės reguliavimo varikliukas
411,"Šildymas/ventiliavimas/oro kondicionierius -> Šildymas / vėdinimas -> Valdiklis, maišymo sklendė"
412,"Šildymas/ventiliavimas/oro kondicionierius -> Šildymas / vėdinimas -> Filtras, salono oras"
413,"Šildymas/ventiliavimas/oro kondicionierius -> Valdymas/reguliavimas -> Valdymo blokas, automatinis kondicionieriaus valdymas"
414,"Šildymas/ventiliavimas/oro kondicionierius -> Valdymas/reguliavimas -> Valdymo blokas, oro kondicionierius"
415,"Šildymas/ventiliavimas/oro kondicionierius -> Valdymas/reguliavimas -> Valdymo blokas, šildymas / ventiliacija"
416,"Šildymas/ventiliavimas/oro kondicionierius -> Jungiklis/jutiklis -> Jutiklis, išorės temperatūra"
417,"Šildymas/ventiliavimas/oro kondicionierius -> Jungiklis/jutiklis -> Siuntimo blokas, vidaus temperatūra"
418,"Šildymas/ventiliavimas/oro kondicionierius -> Jungiklis/jutiklis -> Slėgio jungiklis, oro kondicionavimas"
419,"Šildymas/ventiliavimas/oro kondicionierius -> Jungiklis/jutiklis -> Temperatūros jungiklis, oro kondicionieriaus ventiliatorius"
420,Šildymas/ventiliavimas/oro kondicionierius -> Autonominis pašildymas -> Šildymo modulis
421,Šildymas/ventiliavimas/oro kondicionierius -> Autonominis pašildymas -> Papildomas vandens siurblys
422,Šildymas/ventiliavimas/oro kondicionierius -> Autonominis pašildymas -> Išmetimo sistema
423,Šildymas/ventiliavimas/oro kondicionierius -> Autonominis pašildymas -> Nuotolinis valdymas
424,Šildymas/ventiliavimas/oro kondicionierius -> Autonominis pašildymas -> Valdymo blokas papildomas šildymas
425,Valymo plovimo sistemos -> Langų plovimo sistema -> Plovimo skysčio bakelis
426,Valymo plovimo sistemos -> Langų plovimo sistema -> Ploviklio purkštukas
427,"Valymo plovimo sistemos -> Langų plovimo sistema -> Vamzdelis, langų plovimas"
428,Valymo plovimo sistemos -> Langų plovimo sistema -> Langų ploviklio siurbliukas
429,Valymo plovimo sistemos -> Priekinių žibintų plovimo sistema -> Žibintų plovimo purkštukas
430,"Valymo plovimo sistemos -> Priekinių žibintų plovimo sistema -> Vandens siurblys, priekinių žibintų plovimas"
431,Valymo plovimo sistemos -> Priekinių žibintų plovimo sistema -> Dangtelis
432,"Valymo plovimo sistemos -> Priekinių žibintų plovimo sistema -> Vamzdelis, langų plovimas"
433,Valymo plovimo sistemos -> Langų valytuvų sistema -> Valytuvo variklis
434,Valymo plovimo sistemos -> Langų valytuvų sistema -> Valytuvų mechanizmas
435,Valymo plovimo sistemos -> Langų valytuvų sistema -> Valytuvo kojelė
436,Valymo plovimo sistemos -> Langų valytuvų sistema -> Valytuvo gumelė
437,"Valymo plovimo sistemos -> Langų valytuvų sistema -> Dangtelis, valytuvo svirtis"
438,Degalų tiekimas -> Degalų tiekimo sistema -> Kuro bakas/dalys -> Degalų bako dangtelis
439,Saugos sistemos
440,Elektrinės dalys
441,Audio/ video/ navigacijos sistemos
442,Salonas
443,Saugos sistemos -> Saugos diržų sistema
444,Saugos sistemos -> Oro pagalvių sistema
445,Saugos sistemos -> Kamera/ radaras
446,Saugos sistemos -> Parkavimo atstumų jutiklis/atbulinės eigos signalas
447,Saugos sistemos -> Padangų slėgio kontrolės sistema
448,Elektrinės dalys -> Akumuliatorius
449,Elektrinės dalys -> Starteris
450,Elektrinės dalys -> Generatorius
451,Elektrinės dalys -> Garsinis signalas
452,Elektrinės dalys -> Prietaisų skydelis (spidometras)
453,Elektrinės dalys -> Laikrodis
454,Elektrinės dalys -> Elektriniai varikliukai
455,Elektrinės dalys -> Akseleratoriaus pedalas
456,Elektrinės dalys -> Saugiklių dėžė
457,Elektrinės dalys -> Relės/saugikliai
458,Elektrinės dalys -> Siurbliai/Kompresoriai
459,Elektrinės dalys -> Ventiliatoriai
460,Elektrinės dalys -> Kaitinimo žvakių sistema / kuro uždegimo sistema
461,Elektrinės dalys -> Jungiklis/mygtukas
462,Elektrinės dalys -> Valdymo blokai
463,Elektrinės dalys -> Jungiklis/jutiklis
464,Elektrinės dalys -> Laidai
465,Elektrinės dalys -> Solenoidinis vožtuvas
466,Elektrinės dalys -> Slėgio keitiklis
467,Audio/ video/ navigacijos sistemos -> Antenos
468,Audio/ video/ navigacijos sistemos -> Garso stiprintuvas
469,Audio/ video/ navigacijos sistemos -> TV stiprintuvas
470,Audio/ video/ navigacijos sistemos -> Trikdžiu filtras
471,Audio/ video/ navigacijos sistemos -> Garsiakalbiai
472,Audio/ video/ navigacijos sistemos -> CD keitiklis
473,Audio/ video/ navigacijos sistemos -> DVD keitiklis
474,Audio/ video/ navigacijos sistemos -> Radijos imtuvas
475,Audio/ video/ navigacijos sistemos -> TV imtuvas
476,Audio/ video/ navigacijos sistemos -> Video komutatorius
477,Audio/ video/ navigacijos sistemos -> Navigacijos blokas
478,Audio/ video/ navigacijos sistemos -> Valdymas/mygtukai
479,Audio/ video/ navigacijos sistemos -> Rėmelis
480,Salonas -> Sėdynės/dalys
481,"Salonas -> Bagažinės apmušimai, apdaila/kilimai"
482,Salonas -> Atramų apdaila
483,Salonas -> Salono kilimas
484,Salonas -> Kilimėlių komplektas
485,Salonas -> Pėdos atrama
486,"Salonas -> Stogo apmušalas, apdaila"
487,Salonas -> Stogo rankenėlė
488,Salonas -> Makiažo veidrodėlis
489,Salonas -> Saulės skydelis
490,Salonas -> Prietaisų skydas (panelė) ir centrinė konsolė/dalys
491,Salonas -> Garso izoliacija
492,Salonas -> Vidaus apšvietimas
493,Saugos sistemos -> Saugos diržų sistema -> Saugos diržas
494,Saugos sistemos -> Saugos diržų sistema -> Saugos diržo sagtis
495,Saugos sistemos -> Saugos diržų sistema -> Saugos diržo įtempiklis
496,Saugos sistemos -> Oro pagalvių sistema -> Vairuotojo oro pagalvė
497,Saugos sistemos -> Oro pagalvių sistema -> Kelių / pėdų oro pagalvė
498,Saugos sistemos -> Oro pagalvių sistema -> Priekinė keleivio oro pagalvė
499,Saugos sistemos -> Oro pagalvių sistema -> Šoninė oro pagalvė
500,Saugos sistemos -> Oro pagalvių sistema -> Galvos oro pagalvė
501,Saugos sistemos -> Oro pagalvių sistema -> Oro pagalvės užraktas
502,Saugos sistemos -> Oro pagalvių sistema -> Galinė oro pagalvė
503,Saugos sistemos -> Oro pagalvių sistema -> Oro pagalvė pėsčiųjų 
504,"Saugos sistemos -> Oro pagalvių sistema -> Valdymo blokas, oro pagalvė"
505,Saugos sistemos -> Oro pagalvių sistema -> Valdymo blokas oro pagalvių
506,Saugos sistemos -> Oro pagalvių sistema -> Smugio garso jutiklis
507,Saugos sistemos -> Oro pagalvių sistema -> Valdymo blokas smūgio garso
508,"Saugos sistemos -> Oro pagalvių sistema -> Jutiklis, pėsčiųjų apsaugos sistemos"
509,Saugos sistemos -> Oro pagalvių sistema ->  pakėlimo mechanizmas pėsčiųjų apsaugos sistemos
510,Saugos sistemos -> Kamera/ radaras -> Kamera
511,Saugos sistemos -> Kamera/ radaras -> Valdymo blokas galines vaizdo kameros 
512,Saugos sistemos -> Kamera/ radaras -> Valdymo blokas persirikiavimo pagalba (radaras)
513,Saugos sistemos -> Kamera/ radaras -> Valdymo blokas kamerai
514,Saugos sistemos -> Kamera/ radaras -> Valdymo blokas priekinio vaizdo apdorojimui
515,Saugos sistemos -> Kamera/ radaras -> Valdymo blokas  aklos zonos stebėjimas
516,Saugos sistemos -> Kamera/ radaras -> Valdymo blokas naktinio matymo sistemai
517,Saugos sistemos -> Kamera/ radaras -> Naktinio matymo kamera
518,Saugos sistemos -> Kamera/ radaras -> Radaras
519,Saugos sistemos -> Kamera/ radaras -> Valdymo blokas automatiniam atstumo palaikymui ir radaras
520,Saugos sistemos -> Parkavimo atstumų jutiklis/atbulinės eigos signalas -> Parkavimo sistemos jutiklis
521,"Saugos sistemos -> Parkavimo atstumų jutiklis/atbulinės eigos signalas -> Valdymo ekranas, parkavimo sistema"
522,Saugos sistemos -> Parkavimo atstumų jutiklis/atbulinės eigos signalas -> Valdymo blokas parkavimo sistemos
523,Saugos sistemos -> Parkavimo atstumų jutiklis/atbulinės eigos signalas -> Statymo galu įspėjimo signalas
524,Saugos sistemos -> Parkavimo atstumų jutiklis/atbulinės eigos signalas -> Valdymo blokas automatinio parkavimo
525,Saugos sistemos -> Padangų slėgio kontrolės sistema -> Padangos slėgio jutiklis
526,"Saugos sistemos -> Padangų slėgio kontrolės sistema -> Nuotolinis imtuvas, padangų slėgio kontrolės sistema"
527,Saugos sistemos -> Padangų slėgio kontrolės sistema -> Valdymo blokas padangų slėgio stebėjimui
528,Elektrinės dalys -> Elektriniai varikliukai -> Langų pakėlimo varikliukas
529,Elektrinės dalys -> Elektriniai varikliukai -> Liuko varikliukas
530,Elektrinės dalys -> Elektriniai varikliukai -> Valytuvo variklis
531,Elektrinės dalys -> Elektriniai varikliukai -> Sklendės reguliavimo varikliukas
532,"Elektrinės dalys -> Elektriniai varikliukai -> Elektrovariklis, sėdynės reguliavimas"
533,"Elektrinės dalys -> Elektriniai varikliukai -> Variklis, priekinių žibintų diapazono reguliavimas"
534,Elektrinės dalys -> Elektriniai varikliukai -> Variklis durų uždarymo
535,Elektrinės dalys -> Elektriniai varikliukai -> Variklis elektrinio vairo stiprintuvo
536,Elektrinės dalys -> Relės/saugikliai -> Saugiklis
537,Elektrinės dalys -> Relės/saugikliai -> Relės
538,Elektrinės dalys -> Relės/saugikliai -> Akumuliatoriaus saugiklis (šovinys)
539,Elektrinės dalys -> Siurbliai/Kompresoriai -> Antrinis oro siurblys
540,Elektrinės dalys -> Siurbliai/Kompresoriai -> Degalų daviklio blokas / degalų siurblys
541,Elektrinės dalys -> Siurbliai/Kompresoriai -> Elektrinis siurblys vairo stiprintuvo
542,Elektrinės dalys -> Siurbliai/Kompresoriai -> Papildomas vandens siurblys
543,"Elektrinės dalys -> Siurbliai/Kompresoriai -> Vandens siurblys, priekinių žibintų plovimas"
544,Elektrinės dalys -> Siurbliai/Kompresoriai -> Langų ploviklio siurbliukas
545,"Elektrinės dalys -> Siurbliai/Kompresoriai -> Kompresorius, orinės važiuoklės"
546,Elektrinės dalys -> Ventiliatoriai -> Vidaus pūtiklis
547,Elektrinės dalys -> Ventiliatoriai -> Radiatoriaus ventiliatorius
548,Elektrinės dalys -> Kaitinimo žvakių sistema / kuro uždegimo sistema -> Kaitinimo žvakė
549,"Elektrinės dalys -> Kaitinimo žvakių sistema / kuro uždegimo sistema -> Relė, kaitinimo žvakių sistema"
550,Elektrinės dalys -> Kaitinimo žvakių sistema / kuro uždegimo sistema -> Uždegimo žvakė
551,Elektrinės dalys -> Kaitinimo žvakių sistema / kuro uždegimo sistema -> Uždegimo modulis/valdymo blokas
552,Elektrinės dalys -> Kaitinimo žvakių sistema / kuro uždegimo sistema -> Uždegimo ritė
553,Elektrinės dalys -> Kaitinimo žvakių sistema / kuro uždegimo sistema -> Uždegimo laidas
554,"Elektrinės dalys -> Kaitinimo žvakių sistema / kuro uždegimo sistema -> Skirstytuvas, uždegimas"
555,"Elektrinės dalys -> Jungiklis/mygtukas -> Mygtukas, kuro bako dangtelio atidarymui"
556,"Elektrinės dalys -> Jungiklis/mygtukas -> Mygtukas, bagažinės dangčio"
557,Elektrinės dalys -> Jungiklis/mygtukas -> Mygtukas elektra valdomų veidrodelių
558,Elektrinės dalys -> Jungiklis/mygtukas -> Jungiklis galinio lango šildymas
559,Elektrinės dalys -> Jungiklis/mygtukas -> Jungiklis priekinio lango šildymas
560,Elektrinės dalys -> Jungiklis/mygtukas -> Mygtukas elektra valdomų užuolaidų
561,Elektrinės dalys -> Jungiklis/mygtukas -> Langų pakėlimo mygtukas
562,Elektrinės dalys -> Jungiklis/mygtukas -> Šviesų jungiklis
563,Elektrinės dalys -> Jungiklis/mygtukas -> Mygtukas rūko žibintų
564,Elektrinės dalys -> Jungiklis/mygtukas -> Mygtukas galinių rūko žibintų
565,"Elektrinės dalys -> Jungiklis/mygtukas -> Vairo kolonėlės svirtis, jungiklis"
566,Elektrinės dalys -> Jungiklis/mygtukas -> Vairo kolonėles svirčių/jungiklių blokas
567,Elektrinės dalys -> Jungiklis/mygtukas -> Svirtis/jungiklis langų plovimas/valymas
568,"Elektrinės dalys -> Jungiklis/mygtukas -> Svirtis/jungiklis posukių, trumpų ilgų šviesų"
569,Elektrinės dalys -> Jungiklis/mygtukas -> Jungiklis šviesų aukščio reguliavimas
570,Elektrinės dalys -> Jungiklis/mygtukas -> Avarinio signalo jungiklis
571,Elektrinės dalys -> Jungiklis/mygtukas -> Garsinio signalo jungiklis
572,Elektrinės dalys -> Jungiklis/mygtukas -> Sėdynės atminties jungiklis
573,Elektrinės dalys -> Jungiklis/mygtukas -> Sedynės jungiklių blokas
574,Elektrinės dalys -> Jungiklis/mygtukas -> Sėdynės reguliavimo jungiklis
575,Elektrinės dalys -> Jungiklis/mygtukas -> Sėdynių šildymo jungiklis
576,Elektrinės dalys -> Jungiklis/mygtukas -> Vairo kolonelės reguliavimo jungiklis
577,Elektrinės dalys -> Jungiklis/mygtukas -> Elektromechaninių stovėjimo stabdžių mygtukas
578,Elektrinės dalys -> Jungiklis/mygtukas -> Diferencialo blokavimo mygtukas
579,Elektrinės dalys -> Jungiklis/mygtukas -> Jungiklis keleivio oro pagalvės išjungimui
580,Elektrinės dalys -> Jungiklis/mygtukas -> Jungiklis parkavimosi sistemos
581,Elektrinės dalys -> Jungiklis/mygtukas -> Start-stop mygtukas
582,Elektrinės dalys -> Jungiklis/mygtukas -> Jungiklis antipraslidimo
583,Elektrinės dalys -> Jungiklis/mygtukas -> Mygtukas persirikiavimo pagalba
584,Elektrinės dalys -> Jungiklis/mygtukas -> Jungiklis naktinio matimo
585,Elektrinės dalys -> Jungiklis/mygtukas -> Autopiloto jungiklis
586,Elektrinės dalys -> Jungiklis/mygtukas -> Jungiklis stabilumo kontroles esp
587,Elektrinės dalys -> Jungiklis/mygtukas -> Jungiklis elektra užlenkiamo priekabos kablio
588,Elektrinės dalys -> Jungiklis/mygtukas -> Vairo mygtukai
589,Elektrinės dalys -> Jungiklis/mygtukas -> Jungiklių (mygtukų) blokas
590,Elektrinės dalys -> Jungiklis/mygtukas -> Jungiklis deaktivacija apsaugos sistemos
591,Elektrinės dalys -> Jungiklis/mygtukas -> Mygtukas centrinio užrakto
592,Elektrinės dalys -> Valdymo blokai -> Variklio sistemų
593,Elektrinės dalys -> Valdymo blokai -> Saugos sistemų
594,Elektrinės dalys -> Valdymo blokai -> Transmisija/skirstomoji dėžė/diferencialas
595,Elektrinės dalys -> Valdymo blokai -> Stabdžių sistema
596,Elektrinės dalys -> Valdymo blokai -> Pakabos
597,Elektrinės dalys -> Valdymo blokai -> Komforto sistemų
598,Elektrinės dalys -> Valdymo blokai -> Kėbulo dalių
599,Elektrinės dalys -> Valdymo blokai -> Apsaugos sistemos
600,Elektrinės dalys -> Valdymo blokai -> Diagnostikos sąsaja (Gateway)
601,"Elektrinės dalys -> Jungiklis/jutiklis -> Jutiklis, kompresoriaus slėgis"
602,"Elektrinės dalys -> Jungiklis/jutiklis -> Jutiklis, išilginis pagreitis"
603,Elektrinės dalys -> Jungiklis/jutiklis -> Oro srauto jutiklis
604,"Elektrinės dalys -> Jungiklis/jutiklis -> Jutiklis, degalų temperatūra"
605,Elektrinės dalys -> Jungiklis/jutiklis -> Lietaus jutiklis
606,Elektrinės dalys -> Jungiklis/jutiklis -> Variklio alyvos lygio jutiklis
607,Elektrinės dalys -> Jungiklis/jutiklis -> Parkavimo sistemos jutiklis
608,"Elektrinės dalys -> Jungiklis/jutiklis -> Jutiklis, akseleratoriaus padėtis"
609,"Elektrinės dalys -> Jungiklis/jutiklis -> Jutiklis, plovimo vandens lygis"
610,Elektrinės dalys -> Jungiklis/jutiklis -> Lietaus / šviesos jutiklis
611,Elektrinės dalys -> Jungiklis/jutiklis -> Vairavimo kampo jutiklis
612,Elektrinės dalys -> Jungiklis/jutiklis -> Detonacijos jutiklis
613,"Elektrinės dalys -> Jungiklis/jutiklis -> Jutiklis, pneumatinės pakabos lygis"
614,"Elektrinės dalys -> Jungiklis/jutiklis -> Jutiklis, degalų slėgis"
615,"Elektrinės dalys -> Jungiklis/jutiklis -> Jutiklis, išmetimo slėgis"
616,"Elektrinės dalys -> Jungiklis/jutiklis -> Jutiklis, urėjos bakas (AdBlue)"
617,Elektrinės dalys -> Jungiklis/jutiklis -> Holo jutiklis
618,Elektrinės dalys -> Jungiklis/jutiklis -> Aušinimo skysčio temperatūros jutiklis
619,"Elektrinės dalys -> Jungiklis/jutiklis -> Jutiklis, skirstomasis velenas"
620,"Elektrinės dalys -> Jungiklis/jutiklis -> Jutiklis, skersinis pagreitis"
621,Elektrinės dalys -> Jungiklis/jutiklis -> Ratų greičio jutiklis
622,"Elektrinės dalys -> Jungiklis/jutiklis -> Jutiklis, įsiurbimo kolektoriaus slėgis"
623,"Elektrinės dalys -> Jungiklis/jutiklis -> Judėjimo jutiklis, įspėjimo sistema"
624,"Elektrinės dalys -> Jungiklis/jutiklis -> Jutiklis, aušinimo skysčio lygis"
625,"Elektrinės dalys -> Jungiklis/jutiklis -> Jutiklis, išmetamųjų dujų temperatūra"
626,Elektrinės dalys -> Jungiklis/jutiklis -> Padangos slėgio jutiklis
627,"Elektrinės dalys -> Jungiklis/jutiklis -> Nuotolinis imtuvas, padangų slėgio kontrolės sistema"
628,Elektrinės dalys -> Jungiklis/jutiklis -> Išorės temperatūros jutiklis
629,Elektrinės dalys -> Jungiklis/jutiklis -> Variklio apsukų jutiklis
630,Elektrinės dalys -> Jungiklis/jutiklis -> Smūgio jutiklis (oro pagalvių sistemos)
631,"Elektrinės dalys -> Jungiklis/jutiklis -> Jutiklis, skirstomojo veleno padėtis"
632,Elektrinės dalys -> Jungiklis/jutiklis -> Alyvos slėgio jungiklis
633,Elektrinės dalys -> Jungiklis/jutiklis -> Slėgio jungiklis
634,Elektrinės dalys -> Laidai -> Variklio skyriaus laidai
635,Elektrinės dalys -> Laidai -> Akumuliatoriaus laidai
636,"Elektrinės dalys -> Laidai -> Prijungimo laidas, multimedijos sąsaja"
637,Elektrinės dalys -> Laidai -> Starterio laidai
638,Elektrinės dalys -> Laidai -> Oro pagalvių laidai
639,Audio/ video/ navigacijos sistemos -> Antenos -> Antena
640,Audio/ video/ navigacijos sistemos -> Antenos -> Antenos stiprintuvas
641,Audio/ video/ navigacijos sistemos -> Antenos -> Antenos kabelis
642,Audio/ video/ navigacijos sistemos -> Garsiakalbiai -> Garsiakalbis
643,Audio/ video/ navigacijos sistemos -> Garsiakalbiai -> Žemų dažnių garsiakalbis
644,Audio/ video/ navigacijos sistemos -> Garsiakalbiai -> Aukštų dažnių garsiakalbis
645,Audio/ video/ navigacijos sistemos -> Garsiakalbiai -> Garsiakalbio grotelės
646,Audio/ video/ navigacijos sistemos -> Navigacijos blokas -> Radijas / magentola
647,Audio/ video/ navigacijos sistemos -> Navigacijos blokas -> Radijas / CD grotuvas
648,Audio/ video/ navigacijos sistemos -> Navigacijos blokas -> Multimedijos sąsaja su valdymo bloku
649,Audio/ video/ navigacijos sistemos -> Navigacijos blokas -> Ekranas
650,Audio/ video/ navigacijos sistemos -> Navigacijos blokas -> Valdymo blokas priekinio stiklo projekcijai (Head-up display)
651,"Audio/ video/ navigacijos sistemos -> Valdymas/mygtukai -> Vairo kolonėlės svirtis, jungiklis"
652,Audio/ video/ navigacijos sistemos -> Valdymas/mygtukai -> Vairo mygtukai
653,Audio/ video/ navigacijos sistemos -> Valdymas/mygtukai -> Valdymas 
654,Salonas -> Sėdynės/dalys -> Keleivio sėdynė
655,Salonas -> Sėdynės/dalys -> Vairuotojo sėdynė
656,Salonas -> Sėdynės/dalys -> Galinė sėdynė
657,Salonas -> Sėdynės/dalys -> Galvos atlošas
658,"Salonas -> Bagažinės apmušimai, apdaila/kilimai -> Bagažinės apmušimai, apdaila"
659,"Salonas -> Bagažinės apmušimai, apdaila/kilimai -> Bagažinės kilimas"
660,"Salonas -> Bagažinės apmušimai, apdaila/kilimai -> Atsarginio rato dangtis"
661,"Salonas -> Bagažinės apmušimai, apdaila/kilimai -> Bagažinės palangė(šoninė)"
662,"Salonas -> Bagažinės apmušimai, apdaila/kilimai -> Vidinis bagažinės dangtis, palangė"
663,"Salonas -> Bagažinės apmušimai, apdaila/kilimai -> Bagažinės dangčio panelė"
664,"Salonas -> Bagažinės apmušimai, apdaila/kilimai -> Panelė bagažinės spynos kilpos"
665,"Salonas -> Bagažinės apmušimai, apdaila/kilimai -> Įrankių dėžė"
666,"Salonas -> Bagažinės apmušimai, apdaila/kilimai -> Bagažinės atlenkiamas apmušimas, apdaila"
667,"Salonas -> Bagažinės apmušimai, apdaila/kilimai -> Bagažinės užuolaida"
668,"Salonas -> Bagažinės apmušimai, apdaila/kilimai -> Šoninio apmušimo dangtis"
669,"Salonas -> Atramų apdaila -> Apdaila, A-atrama (priekinė)"
670,"Salonas -> Atramų apdaila -> Apdaila, B-atrama (vidurinė)"
671,"Salonas -> Atramų apdaila -> Apdaila, C-atrama (prie galinių durų)"
672,"Salonas -> Atramų apdaila -> Apdaila, D-atrama (bagažinės)"
673,Salonas -> Atramų apdaila -> Durų slenksčio apdaila
674,"Salonas -> Prietaisų skydas (panelė) ir centrinė konsolė/dalys -> Skersinis rėmas, prietaisų skydelio"
675,Salonas -> Prietaisų skydas (panelė) ir centrinė konsolė/dalys -> Laikiklis skersinio rėmo
676,Salonas -> Prietaisų skydas (panelė) ir centrinė konsolė/dalys -> Prietaisų skydas (panelė)
677,Salonas -> Prietaisų skydas (panelė) ir centrinė konsolė/dalys -> Rėmelis
678,Salonas -> Prietaisų skydas (panelė) ir centrinė konsolė/dalys -> Daiktadėžė
679,Salonas -> Prietaisų skydas (panelė) ir centrinė konsolė/dalys -> Vairo kolonėlės apdaila
680,Salonas -> Prietaisų skydas (panelė) ir centrinė konsolė/dalys -> Dėtuvė
681,Salonas -> Prietaisų skydas (panelė) ir centrinė konsolė/dalys -> Dangtelis prietaisų skydas(panelės)
682,Salonas -> Prietaisų skydas (panelė) ir centrinė konsolė/dalys -> Garsiakalbio grotelės
683,Salonas -> Prietaisų skydas (panelė) ir centrinė konsolė/dalys -> Centrinė konsolė
684,Salonas -> Prietaisų skydas (panelė) ir centrinė konsolė/dalys -> Porankis
685,Salonas -> Prietaisų skydas (panelė) ir centrinė konsolė/dalys -> Peleninė
686,Salonas -> Prietaisų skydas (panelė) ir centrinė konsolė/dalys -> Laikiklis/tvirtinimas
687,Salonas -> Prietaisų skydas (panelė) ir centrinė konsolė/dalys -> Oro kanalai
688,Salonas -> Prietaisų skydas (panelė) ir centrinė konsolė/dalys -> Orlaidė
689,Salonas -> Prietaisų skydas (panelė) ir centrinė konsolė/dalys -> Laikiklis centrinės konsolės
690,Salonas -> Prietaisų skydas (panelė) ir centrinė konsolė/dalys -> Cigarečių uždegiklis
691,Salonas -> Vidaus apšvietimas -> Vidaus apšvietimas
692,Salonas -> Vidaus apšvietimas -> Dėtuvės apšvietimas
693,Salonas -> Vidaus apšvietimas -> Durų apšvietimas
694,Salonas -> Vidaus apšvietimas -> Skaitymo šviesa
695,"Salonas -> Vidaus apšvietimas -> Apšvietimas, bagažinės vidus"
696,Elektrinės dalys -> Valdymo blokai -> Variklio sistemų -> Valdymo blokas variklio
697,Elektrinės dalys -> Valdymo blokai -> Variklio sistemų -> Valdymo blokas radiatoriaus aušintuvo
698,Elektrinės dalys -> Valdymo blokai -> Variklio sistemų -> Valdymo blokas  katalizatoriaus pakaitinimo
699,Elektrinės dalys -> Valdymo blokai -> Variklio sistemų -> Valdymo blokas kuro bako siurblio
700,Elektrinės dalys -> Valdymo blokai -> Variklio sistemų -> Valdymo blokas elektrohidraulinės variklio pagalvės
701,Elektrinės dalys -> Valdymo blokai -> Variklio sistemų -> Valdymo blokas selektyvinės išmetamųjų dujų valymo sistemos SCR
702,Elektrinės dalys -> Valdymo blokai -> Variklio sistemų -> Valdymo blokas droselio sklendė
703,Elektrinės dalys -> Valdymo blokai -> Variklio sistemų -> Valdymo blokas su nox sensoriumi išmetamųjų dujų valdymui
704,Elektrinės dalys -> Valdymo blokai -> Variklio sistemų -> Elektrinės pavaros valdymo modulis
705,Elektrinės dalys -> Valdymo blokai -> Saugos sistemų -> Valdymo blokas oro pagalvių
706,Elektrinės dalys -> Valdymo blokai -> Saugos sistemų -> Valdymo blokas padangų slėgio stebėjimui
707,Elektrinės dalys -> Valdymo blokai -> Saugos sistemų -> Valdymo blokas galines vaizdo kameros
708,Elektrinės dalys -> Valdymo blokai -> Saugos sistemų -> Valdymo blokas priekinio vaizdo apdorojimui
709,Elektrinės dalys -> Valdymo blokai -> Saugos sistemų -> Valdymo blokas naktinio matymo sistemai
710,Elektrinės dalys -> Valdymo blokai -> Saugos sistemų -> Valdymo blokas persirikiavimo pagalba (radaras)
711,Elektrinės dalys -> Valdymo blokai -> Saugos sistemų -> Valdymo blokas kamerai
712,Elektrinės dalys -> Valdymo blokai -> Saugos sistemų -> Valdymo blokas automatiniam atstumo palaikymui ir radaras
713,Elektrinės dalys -> Valdymo blokai -> Saugos sistemų -> Valdymo blokas smūgio garso
714,Elektrinės dalys -> Valdymo blokai -> Saugos sistemų -> Valdymo blokas  aklos zonos stebėjimas
715,Elektrinės dalys -> Valdymo blokai -> Saugos sistemų -> Valdymo blokas pasisukančių žibintų
716,Elektrinės dalys -> Valdymo blokai -> Saugos sistemų -> Valdymo blokas parkavimo sistemos
717,Elektrinės dalys -> Valdymo blokai -> Saugos sistemų -> Valdymo blokas navigacijos sistemos
718,Elektrinės dalys -> Valdymo blokai -> Saugos sistemų -> Valdymo blokas automatinio parkavimo
719,Elektrinės dalys -> Valdymo blokai -> Saugos sistemų -> Valdymo blokas aktyvaus vairavimo
720,Elektrinės dalys -> Valdymo blokai -> Saugos sistemų -> Valdymo blokas priekabos prikabinimui
721,Elektrinės dalys -> Valdymo blokai -> Transmisija/skirstomoji dėžė/diferencialas -> Valdymo blokas begių perjungimo svirties
722,Elektrinės dalys -> Valdymo blokai -> Transmisija/skirstomoji dėžė/diferencialas -> Valdymo blokas 4 varomųjų ratų
723,Elektrinės dalys -> Valdymo blokai -> Transmisija/skirstomoji dėžė/diferencialas -> Valdymo blokas Haldex
724,Elektrinės dalys -> Valdymo blokai -> Transmisija/skirstomoji dėžė/diferencialas -> Valdymo blokas ašių diferencialo blokavimas
725,Elektrinės dalys -> Valdymo blokai -> Transmisija/skirstomoji dėžė/diferencialas -> Valdymo blokas diferencialo blokavimas
726,Elektrinės dalys -> Valdymo blokai -> Transmisija/skirstomoji dėžė/diferencialas -> Valdymo blokas paskirstymo dėžės
727,Elektrinės dalys -> Valdymo blokai -> Stabdžių sistema -> Valdymo blokas ABS hidraulika
728,Elektrinės dalys -> Valdymo blokai -> Stabdžių sistema -> Valdymo blokas elektromechaninių stovėjimo stabdžių
729,Elektrinės dalys -> Valdymo blokai -> Pakabos -> Valdymo blokas važiuoklės
730,Elektrinės dalys -> Valdymo blokai -> Pakabos -> Valdymo blokas automatinis aukščio reguliavimas
731,Elektrinės dalys -> Valdymo blokai -> Pakabos -> Valdymo blokas orinė pakaba
732,Elektrinės dalys -> Valdymo blokai -> Pakabos -> Valdymo blokas slopinimo sistemų (elektra valdomų amortizatorių)
733,Elektrinės dalys -> Valdymo blokai -> Pakabos -> Valdymo blokas aktyvaus vairavimo
734,Elektrinės dalys -> Valdymo blokai -> Komforto sistemų -> Centrinis valdymo blokas komforto sistemos
735,Elektrinės dalys -> Valdymo blokai -> Komforto sistemų -> Valdymo blokas kėbulo BCM FEM SAM BSI
736,Elektrinės dalys -> Valdymo blokai -> Komforto sistemų -> Valdymo blokas daugiakonturės sėdynės
737,Elektrinės dalys -> Valdymo blokai -> Komforto sistemų -> Valdymo blokas sėdynės
738,Elektrinės dalys -> Valdymo blokai -> Komforto sistemų -> Valdymo blokas šildomos sėdynės
739,Elektrinės dalys -> Valdymo blokai -> Komforto sistemų -> Valdymo blokas elektra reguliuojamos vairo kolonėlės
740,Elektrinės dalys -> Valdymo blokai -> Komforto sistemų -> Valdymo blokas šildomo stiklo
741,Elektrinės dalys -> Valdymo blokai -> Komforto sistemų -> Valdymo blokas priekinio stiklo projekcijai (Head-up display)
742,Elektrinės dalys -> Valdymo blokai -> Komforto sistemų -> Valdymo blokas  daugiafunkcinio vairo
743,Elektrinės dalys -> Valdymo blokai -> Komforto sistemų -> Valdymo blokas sėdynės ir atlošo reguliavimas
744,Elektrinės dalys -> Valdymo blokai -> Komforto sistemų -> Valdymo blokas ventiliuojamos sėdynės
745,Elektrinės dalys -> Valdymo blokai -> Komforto sistemų -> Valdymo blokas nuotolinis vartų valdymas
746,Elektrinės dalys -> Valdymo blokai -> Komforto sistemų -> Valdymo blokas akumuliatoriaus stebėjimas
747,Elektrinės dalys -> Valdymo blokai -> Komforto sistemų -> Valdymo blokas parkavimo sistemos
748,Elektrinės dalys -> Valdymo blokai -> Komforto sistemų -> Valdymo blokas navigacijos sistemos
749,Elektrinės dalys -> Valdymo blokai -> Komforto sistemų -> Valdymo blokas automatinio parkavimo
750,Elektrinės dalys -> Valdymo blokai -> Komforto sistemų -> Valdymo blokas priekabos prikabinimui
751,Elektrinės dalys -> Valdymo blokai -> Komforto sistemų -> Valdymo blokas autonominiam šildymui
752,Elektrinės dalys -> Valdymo blokai -> Komforto sistemų -> Valdymo blokas 'Bluetooth'
753,Elektrinės dalys -> Valdymo blokai -> Komforto sistemų -> Multimedijos sąsaja su valdymo bloku
754,Elektrinės dalys -> Valdymo blokai -> Kėbulo dalių -> Valdymo blokas durų
755,Elektrinės dalys -> Valdymo blokai -> Kėbulo dalių -> Valdymo blokas stumdomų durų
756,Elektrinės dalys -> Valdymo blokai -> Kėbulo dalių -> Valdymo blokas pakeliamo stogo valdymui
757,Elektrinės dalys -> Valdymo blokai -> Kėbulo dalių -> Valdymo blokas elektrinio stogo liuko valdymui
758,Elektrinės dalys -> Valdymo blokai -> Kėbulo dalių -> Valdymo blokas bagažinės atidarymui
759,Elektrinės dalys -> Valdymo blokai -> Kėbulo dalių -> Valdymo blokas bagažinės dangčio
760,Elektrinės dalys -> Valdymo blokai -> Kėbulo dalių -> Valdymo blokas reguliojamo spoilerio
761,Elektrinės dalys -> Valdymo blokai -> Apsaugos sistemos -> Valdymo blokas automobilio sekimo sistemai
762,Elektrinės dalys -> Valdymo blokai -> Apsaugos sistemos -> Valdymo blokas nuo nutempimo ir vagystės
763,Elektrinės dalys -> Valdymo blokai -> Apsaugos sistemos -> Valdymo blokas beraktės sistemos
764,"Elektrinės dalys -> Valdymo blokai -> Apsaugos sistemos -> Valdymo blokas, centrinio užrakto sistema"
765,Elektrinės dalys -> Laidai -> Salono laidai
766,Salonas -> Prietaisų skydas (panelė) ir centrinė konsolė/dalys -> Laikiklis prietaisų skydo (panelės)
767,Kėbulas
768,Oro įsiurbimo sistema -> Kompresorius/dalys
769,Salonas -> Durų panelė
770,Kėbulas -> Kėbulo dalys
771,Kėbulas -> Buferis/dalys
772,Kėbulas -> Kėbulo priekis
773,Kėbulas -> Gaubtas
774,Kėbulas -> Sparnas/dalys
775,Kėbulas -> Durys/dalys
776,Kėbulas -> Bagažinės dangtis/dalys
777,Kėbulas -> Stoglangis/dalys
778,Kėbulas -> Veidrodėlis/dalys
779,Kėbulas -> Langai
780,Kėbulas -> Galinis spoileris
781,Kėbulas -> Apdailos/moldingai
782,Kėbulas -> Slenksčio apdaila vidinė
783,Kėbulas -> Slenksčių apdaila
784,Kėbulas -> Kuro bako durelės
785,Kėbulas -> Žibintai
786,Variklis / dalys -> Cilindrų galvutė/dalys -> Valdymo vožtuvas paskirstymo velenėlio
787,Variklis / dalys -> Cilindrų galvutė/dalys -> Paskirstymo velenėlio reguliatorius
788,Variklis / dalys -> Cilindrų galvutė/dalys -> Ekscentrinis velenėlis
789,Variklis / dalys -> Cilindrų galvutė/dalys -> Ekscentrinio velenėlio jutiklis
790,Variklis / dalys -> Cilindrų galvutė/dalys -> Varikliukas vožtuvų valdymas
791,Variklis / dalys -> Cilindrų galvutė/dalys -> Valdymo blokas vožtuvų valdymas
792,Oro įsiurbimo sistema -> Kompresorius/dalys -> Kompresorius
793,Oro įsiurbimo sistema -> Kompresorius/dalys -> Slėgio slopintuvas
794,"Oro įsiurbimo sistema -> Kompresorius/dalys -> Perėjimas, kompresioriaus pajungimas"
795,Salonas -> Durų panelė -> Durų panelė
796,Salonas -> Durų panelė -> Durų rankenėlė
797,Salonas -> Durų panelė -> Garsiakalbio grotelės
798,Kėbulas -> Kėbulo dalys -> Kėbulas
799,Kėbulas -> Kėbulo dalys -> Kėbulo ketvirtis
800,Kėbulas -> Kėbulo dalys -> Stogas
801,Kėbulas -> Kėbulo dalys -> Išilginis elementas lonžeronas
802,Kėbulas -> Buferis/dalys -> Buferis
803,Kėbulas -> Buferis/dalys -> Grotelės
804,Kėbulas -> Buferis/dalys -> Spoileris
805,Kėbulas -> Buferis/dalys -> Bamperio rėmas
806,Kėbulas -> Buferis/dalys -> Laikiklis bamperio
807,Kėbulas -> Kėbulo priekis -> Priekinė panelė (televizorius)
808,"Kėbulas -> Kėbulo priekis -> Rėmas, radiatorius"
809,Kėbulas -> Kėbulo priekis -> Gaubto užraktas
810,Kėbulas -> Kėbulo priekis -> Laikiklis radiatoriaus
811,"Kėbulas -> Kėbulo priekis -> Laikiklis, priekinė panelė (televizorius)"
812,Kėbulas -> Gaubtas -> Gaubtas
813,"Kėbulas -> Gaubtas -> Lankstas, gaubtas"
814,Kėbulas -> Gaubtas -> Gaubto trosas
815,"Kėbulas -> Gaubtas -> Dujinė spyruoklė, gaubtas"
816,"Kėbulas -> Gaubtas -> Rankena, gaubto atidarymas"
817,Kėbulas -> Sparnas/dalys -> Sparnas
818,Kėbulas -> Sparnas/dalys -> Posparnis
819,Kėbulas -> Sparnas/dalys -> Laikiklis sparno
820,Kėbulas -> Durys/dalys -> Durys
821,Kėbulas -> Durys/dalys -> Durų sandariklis
822,Kėbulas -> Durys/dalys -> Durų lankstas
823,Kėbulas -> Durys/dalys -> Durų rankenėlė
824,"Kėbulas -> Durys/dalys -> Durų rankenėlė, vidaus"
825,"Kėbulas -> Durys/dalys -> Dangtelis, durų rankenėlė"
826,Kėbulas -> Durys/dalys -> Lango pakėliklis
827,Kėbulas -> Durys/dalys -> Variklis durų uždarymo
828,Kėbulas -> Bagažinės dangtis/dalys -> Bagažinės dangtis
829,Kėbulas -> Bagažinės dangtis/dalys -> Bagažinės dangčio vyriai
830,Kėbulas -> Bagažinės dangtis/dalys -> Elektrinis bagažinės dangčio pakėlimo mechanizmas
831,Kėbulas -> Bagažinės dangtis/dalys -> Dujinė spyruoklė
832,Kėbulas -> Bagažinės dangtis/dalys -> Užrakto kilpa su varikliu pritraukimui
833,Kėbulas -> Bagažinės dangtis/dalys -> Rankenėlė bagažinės dangčio
834,"Kėbulas -> Bagažinės dangtis/dalys -> Tarpiklis, bagažinės dangtis"
835,Kėbulas -> Bagažinės dangtis/dalys -> Valstybinio numerio apšvietimas
836,Kėbulas -> Bagažinės dangtis/dalys -> Valstybinio numerio laikiklis/rėmelis
837,Kėbulas -> Stoglangis/dalys -> Stoglangis
838,Kėbulas -> Stoglangis/dalys -> Liuko varikliukas
839,Kėbulas -> Veidrodėlis/dalys -> Išorinis veidrodėlis
840,Kėbulas -> Veidrodėlis/dalys -> Veidrodėlio stiklas
841,"Kėbulas -> Veidrodėlis/dalys -> Elektrovariklis, veidrodžio reguliavimas"
842,"Kėbulas -> Veidrodėlis/dalys -> Korpusas, išorinis veidrodėlis"
843,Kėbulas -> Veidrodėlis/dalys -> Išorinio veidrodėlio dangtelis
844,Kėbulas -> Veidrodėlis/dalys -> Liuko varikliukas
845,Kėbulas -> Langai -> Priekinis stiklas
846,Kėbulas -> Langai -> Šildomas priekinis stiklas
847,Kėbulas -> Langai -> Durų langas
848,Kėbulas -> Langai -> Šoninis langas
849,Kėbulas -> Langai -> Galinis Stiklas
850,Kėbulas -> Langai -> Fiksuotas durelių stiklas
851,Kėbulas -> Žibintai -> Priekinis žibintas
852,Kėbulas -> Žibintai -> Rūko žibintas
853,Kėbulas -> Žibintai -> Galinis žibintas
854,Kėbulas -> Žibintai -> Posūkio signalas
855,Kėbulas -> Žibintai -> Stabdžių žibintas
856,Kėbulas -> Žibintai -> Galinis rūko žibintas
857,Kėbulas -> Žibintai -> Atbulinės eigos žibintas
858,Salonas -> Galinio vaizdo veidrodėlis
859,"Kėbulas -> Ventiliacijos grotelės, kėbule"
860,"Salonas -> Laikiklis , apdailai"
861,Užrakinimo sistema -> Užvedimo spynelė
862,Elektrinės dalys -> oro pagalvės ritė
863,Vairavimas -> Vairo stiprintuvas -> Vairo stiprintuvo valdymo blokas
864,Šildymas/ventiliavimas/oro kondicionierius -> Oro kondicionavimas -> Oro kondicionieriaus stiprintuvo valdymo blokas
865,"Salonas -> Bagažinės apmušimai, apdaila/kilimai -> Bagažinės apsauginis tinklas"
866,Salonas -> Sėdynės/dalys -> Reguliuojama juosmens atrama su pompa
867,"Šildymas/ventiliavimas/oro kondicionierius -> Šildymas / vėdinimas -> Dangtelis, oro filtro"
868,"Salonas -> Prietaisų skydas (panelė) ir centrinė konsolė/dalys -> Centrinės konsolės apdaila, galinė"
869,Salonas -> Durų panelė -> Durų lango užuolaida
870,Elektrinės dalys -> Valdymo blokai -> Komforto sistemų -> Vairo stiprintuvo valdymo blokas
871,Elektrinės dalys -> Valdymo blokai -> Komforto sistemų -> Oro kondicionieriaus stiprintuvo valdymo blokas
872,pakaba
873,pakaba -> galinė ašis
874,pakaba -> priekinė ašis
875,pakaba -> traversas
876,pakaba -> laikantysis rėmas
877,pakaba -> guminė atrama(sailenblokas)
878,pakaba -> rato guolis
879,pakaba -> rato guolio korpusas
880,pakaba -> stabilizatorius/dalys
881,pakaba -> Spyruoklės/statramsčiai ir amortizatoriai
882,pakaba -> pneumatinių amortizatorių sistema
883,Salonas -> Sėdynės/dalys -> Sėdynės atlošo galinė apdaila su kišene
884,Kėbulas -> Durys/dalys -> Durų stiklo sandariklis
885,Kėbulas -> Durys/dalys -> B-atrama išorinė
886,Kėbulas -> Durys/dalys -> Durų stiklo rėmo apdaila
887,Kėbulas -> Durys/dalys -> C-atrama išorinė
888,Salonas -> Prietaisų skydas (panelė) ir centrinė konsolė/dalys -> Panelės šoninė apdaila
889,pakaba -> galinė ašis -> lakštinė spyruoklinė pakaba
890,pakaba -> galinė ašis -> ašies galas
891,pakaba -> galinė ašis -> galinis tiltas (balkis)
892,pakaba -> galinė ašis -> Galinė lenkta pakabos svirtis
893,pakaba -> galinė ašis -> Vairo traukė/antgalis
894,pakaba -> galinė ašis -> Galinė  Apatinė šakė
895,pakaba -> priekinė ašis -> lankstus sujungimas (šarnyras)
897,pakaba -> priekinė ašis -> Priekinė  apatinė tiesi šakė
898,pakaba -> priekinė ašis -> Priekinė  apatinė lenkta šakė
899,pakaba -> priekinė ašis -> Priekinė  apatinė šakė
900,pakaba -> priekinė ašis -> Priekinė viršutinė šakė
901,pakaba -> galinė ašis -> spyruoklė
902,pakaba -> galinė ašis -> Torsioninė pakaba/dalys
903,pakaba -> stabilizatorius/dalys -> stabilizatorius
904,pakaba -> stabilizatorius/dalys -> šarnyro stabilizatorius
905,"pakaba -> stabilizatorius/dalys -> įvorė, stabilizatorius"
906,pakaba -> stabilizatorius/dalys -> aktyvus stabilizatorius
907,pakaba -> stabilizatorius/dalys -> Valdymo blokas aktyvaus vairavimo
908,pakaba -> Spyruoklės/statramsčiai ir amortizatoriai -> amortizatoriaus komplektas
909,pakaba -> Spyruoklės/statramsčiai ir amortizatoriai -> amortizatorius
910,pakaba -> Spyruoklės/statramsčiai ir amortizatoriai -> spyruoklė
911,pakaba -> Spyruoklės/statramsčiai ir amortizatoriai -> pakabos statramsčio atraminis guolis
912,pakaba -> Spyruoklės/statramsčiai ir amortizatoriai -> amortizatoriaus laikiklis
913,"pakaba -> Spyruoklės/statramsčiai ir amortizatoriai -> atraminis buferis, pakaba"
914,pakaba -> Spyruoklės/statramsčiai ir amortizatoriai -> Valdymo blokas važiuoklės
915,pakaba -> Spyruoklės/statramsčiai ir amortizatoriai -> Valdymo blokas automatinis aukščio reguliavimas
916,pakaba -> Spyruoklės/statramsčiai ir amortizatoriai -> Valdymo blokas slopinimo sistemų (elektra valdomų amortizatorių)
917,pakaba -> pneumatinių amortizatorių sistema -> amortizatorius su pneumatine spyruokle
918,pakaba -> pneumatinių amortizatorių sistema -> pneumatinė spyruoklė
919,pakaba -> pneumatinių amortizatorių sistema -> oro tiekimo įrenginys(kompresorius)
920,pakaba -> pneumatinių amortizatorių sistema -> resiveris
921,pakaba -> pneumatinių amortizatorių sistema -> oro vamzdeliai
922,pakaba -> pneumatinių amortizatorių sistema -> Valdymo blokas orinė pakaba
923,"pakaba -> pneumatinių amortizatorių sistema -> Jutiklis, pneumatinės pakabos lygis"
924,pakaba -> galinė ašis -> lakštinė spyruoklinė pakaba -> lakštinė lingė
925,"pakaba -> galinė ašis -> lakštinė spyruoklinė pakaba -> įvorė, lakštinė lingė"
926,pakaba -> galinė ašis -> lakštinė spyruoklinė pakaba -> U formos varžtas
927,pakaba -> galinė ašis -> Torsioninė pakaba/dalys -> Torsioninė pakaba
928,pakaba -> galinė ašis -> Torsioninė pakaba/dalys -> torsiono strypo ašis
929,"pakaba -> galinė ašis -> Torsioninė pakaba/dalys -> tarpinis vamzdis, torsiono strypas"
930,"pakaba -> galinė ašis -> Torsioninė pakaba/dalys -> atramos svirtis, torsiono strypas"
931,"pakaba -> galinė ašis -> Torsioninė pakaba/dalys -> jungties guolis, torsiono strypas"
932,pakaba -> galinė ašis -> Torsioninė pakaba/dalys -> torsiono strypo jungtis
933,Audio/ video/ navigacijos sistemos -> Įvesties įrenginys
934,Audio/ video/ navigacijos sistemos -> Trigdžių slopintuvas
935,Elektrinės dalys -> Valdymo blokai -> valdymo blokas
936,Elektrinės dalys -> Valdymo blokai -> Įtampos stabilizatorius
937,Elektrinės dalys -> Valdymo blokai -> Įtampos keitklis
938,"Elektrinės dalys -> Jungiklis/jutiklis -> Jutiklis, išorės temperatūra"
939,"Elektrinės dalys -> Jungiklis/jutiklis -> Siuntimo blokas, vidaus temperatūra"
940,"Elektrinės dalys -> Jungiklis/jutiklis -> Slėgio jungiklis, oro kondicionavimas"
941,"Elektrinės dalys -> Jungiklis/jutiklis -> Temperatūros jungiklis, oro kondicionieriaus ventiliatorius"
942,Salonas -> Prietaisų skydas (panelė) ir centrinė konsolė/dalys -> Stovėjimo stabdžio svirties apdaila
943,Salonas -> Prietaisų skydas (panelė) ir centrinė konsolė/dalys -> Puodelių laikiklis
944,Degalų tiekimas -> Degalų tiekimo sistema -> purkštukas
945,Transmisija -> Automatinė pavarų dėžė/dalys -> Automatinės pavarų dėžės indikatorius
946,Elektrinės dalys -> Valdymo blokai -> Komforto sistemų -> Priekinių žibintų šviesos kontrolės valdymo blokas
947,Elektrinės dalys -> Valdymo blokai -> Komforto sistemų -> Šviesų valdymo blokas
948,Variklis / dalys -> Variklio elektra -> Laidai -> Variklio skyriaus laidai
949,Variklis / dalys -> Variklio elektra -> Laidai -> Akumuliatoriaus laidai
950,"Variklis / dalys -> Variklio elektra -> Laidai -> Prijungimo laidas, multimedijos sąsaja"
951,Variklis / dalys -> Variklio elektra -> Laidai -> Starterio laidai
952,Variklis / dalys -> Variklio elektra -> Laidai -> Oro pagalvių laidai
953,Variklis / dalys -> Variklio elektra -> Laidai -> Salono laidai
954,Kėbulas -> Priekabos kablio komplektas
955,"Ratlankiai, Padangos"
956,"Ratlankiai, Padangos -> Plieninis ratlankis"
957,"Ratlankiai, Padangos -> Aliuminis ratlankis"
958,"Ratlankiai, Padangos -> Padangos"
959,"Ratlankiai, Padangos -> Atsarginis Ratas"
960,Salonas -> Sėdynės/dalys -> Sėdynių komplektas
961,Saugos sistemos -> Padangų slėgio kontrolės sistema -> ORO KOMPRESORIUS PADANGOMS
962,Kėbulas -> Buferis/dalys -> Buferio Balkis
963,Elektrinės dalys -> Valdymo blokai -> Komforto sistemų -> Valdymo blokas belaidis įkrovimas
964,Vairavimas -> Vairo pavara(kolonėlė) / dalys -> Vairo traukės antgalis
965,Elektrinės dalys -> Laidai -> įkrovimo kabelis
966,Kėbulas -> Tempimo kilpa
967,Kėbulas -> Kėbulo priekis -> Domkratas
970,Kėbulas -> Kėbulo priekis -> Dugno Apsauga
972,Elektrinės dalys -> Inverteris
973,Kėbulas -> Apdailos/moldingai -> Valytuvo Apdaila (vėtravykas)
975,Kėbulas -> Komplektinis Priekis
977,Degalų tiekimas -> Degalų tiekimo sistema -> Kuro bakas/dalys -> Adblue Bakas
978,Variklis / dalys -> Variklio elektra -> Akumuliatoriaus padas
979,"Ratlankiai, Padangos -> Ratų slapukai"
980,"Ratlankiai, Padangos -> Rato gaubtas"
981,Elektrinės dalys -> Laidai -> Laidai
982,Oro įsiurbimo sistema -> Oro tiekimas -> Aktyviosios anglies filtras
983,pakaba -> stabilizatorius/dalys -> Varžtas
984,Kėbulas -> Ženkliukas
985,Kėbulas -> Kėbulo dalys -> Stogo Strypai (Ragai)
986,Variklis / dalys -> Cilindrų galvutė/dalys -> Stumoklis su cilindru
987,"Ratlankiai, Padangos -> Rastafkės, ratų praplatintojai"
988,Salonas -> Vidaus apšvietimas -> Serviso knyga
989,Elektrinės dalys -> Akumuliatoriaus  celė
990,Kėbulas -> Žibintai -> Dienos žibintai LED/DRL
991,Kėbulas -> Žibintai -> Laikiklis  Žibintui
992,pakaba -> Galinė viršutinė šakė
997,pakaba -> priekinė ašis -> Priekinės pakabos komplektas (kelmas)
998,pakaba -> galinė ašis -> Galinės pakabos komplektas (kelmas)
999,Išmetimo sistema(smulkios dalys) -> Duslintuvas/dalys -> Duslintuvo Antgalis
1000,Automobilio Rėmas
1001,Kėbulas -> Kėbulo priekis -> Krovinio kabina/Kuzovas
